{
  "timestamp": "20251118_143838",
  "metrics": {
    "context_precision": 0.7701149424517241,
    "context_recall": 0.7093023255813954,
    "answer_relevancy": 0.7623267786219602,
    "faithfulness": 0.8690105794731451
  },
  "dataset_size": 99
}